query;position;label1;label2
1;1;RELEVANT;SOMEWHAT_RELEVANT
1;2;SOMEWHAT_RELEVANT;SOMEWHAT_RELEVANT
1;3;IRRELEVANT;RELEVANT
1;4;RELEVANT;IRRELEVANT
1;5;IRRELEVANT;IRRELEVANT
1;6;RELEVANT;RELEVANT
1;7;SOMEWHAT_RELEVANT;SOMEWHAT_RELEVANT
1;8;RELEVANT;SOMEWHAT_RELEVANT
1;9;SOMEWHAT_RELEVANT;RELEVANT
1;10;IRRELEVANT;IRRELEVANT
2;1;RELEVANT;SOMEWHAT_RELEVANT
2;2;RELEVANT;RELEVANT
2;3;IRRELEVANT;SOMEWHAT_RELEVANT
2;4;RELEVANT;IRRELEVANT
2;5;RELEVANT;SOMEWHAT_RELEVANT
2;6;IRRELEVANT;RELEVANT
2;7;IRRELEVANT;RELEVANT
2;8;IRRELEVANT;SOMEWHAT_RELEVANT
2;9;RELEVANT;IRRELEVANT
2;10;SOMEWHAT_RELEVANT;IRRELEVANT
3;1;RELEVANT;RELEVANT
3;2;RELEVANT;SOMEWHAT_RELEVANT
3;3;SOMEWHAT_RELEVANT;RELEVANT
3;4;RELEVANT;RELEVANT
3;5;RELEVANT;RELEVANT
3;6;RELEVANT;SOMEWHAT_RELEVANT
3;7;SOMEWHAT_RELEVANT;RELEVANT
3;8;SOMEWHAT_RELEVANT;IRRELEVANT
3;9;IRRELEVANT;IRRELEVANT
3;10;IRRELEVANT;IRRELEVANT
4;1;RELEVANT;SOMEWHAT_RELEVANT
4;2;SOMEWHAT_RELEVANT;RELEVANT
4;3;RELEVANT;RELEVANT
4;4;SOMEWHAT_RELEVANT;IRRELEVANT
4;5;RELEVANT;RELEVANT
4;6;IRRELEVANT;SOMEWHAT_RELEVANT
4;7;SOMEWHAT_RELEVANT;RELEVANT
4;8;RELEVANT;IRRELEVANT
4;9;SOMEWHAT_RELEVANT;RELEVANT
4;10;RELEVANT;RELEVANT
5;1;SOMEWHAT_RELEVANT;SOMEWHAT_RELEVANT
5;2;IRRELEVANT;SOMEWHAT_RELEVANT
5;3;SOMEWHAT_RELEVANT;RELEVANT
5;4;IRRELEVANT;IRRELEVANT
5;5;SOMEWHAT_RELEVANT;RELEVANT
5;6;RELEVANT;SOMEWHAT_RELEVANT
5;7;SOMEWHAT_RELEVANT;IRRELEVANT
5;8;SOMEWHAT_RELEVANT;RELEVANT
5;9;SOMEWHAT_RELEVANT;IRRELEVANT
5;10;RELEVANT;SOMEWHAT_RELEVANT
6;1;IRRELEVANT;SOMEWHAT_RELEVANT
6;2;IRRELEVANT;RELEVANT
6;3;IRRELEVANT;RELEVANT
6;4;RELEVANT;SOMEWHAT_RELEVANT
6;5;RELEVANT;IRRELEVANT
6;6;RELEVANT;RELEVANT
6;7;SOMEWHAT_RELEVANT;IRRELEVANT
6;8;IRRELEVANT;RELEVANT
6;9;RELEVANT;RELEVANT
6;10;IRRELEVANT;SOMEWHAT_RELEVANT
7;1;IRRELEVANT;IRRELEVANT
7;2;IRRELEVANT;SOMEWHAT_RELEVANT
7;3;RELEVANT;RELEVANT
7;4;RELEVANT;SOMEWHAT_RELEVANT
7;5;RELEVANT;RELEVANT
7;6;RELEVANT;SOMEWHAT_RELEVANT
7;7;IRRELEVANT;RELEVANT
7;8;RELEVANT;RELEVANT
7;9;IRRELEVANT;RELEVANT
7;10;RELEVANT;SOMEWHAT_RELEVANT
8;1;RELEVANT;IRRELEVANT
8;2;IRRELEVANT;RELEVANT
8;3;RELEVANT;RELEVANT
8;4;IRRELEVANT;RELEVANT
8;5;SOMEWHAT_RELEVANT;RELEVANT
8;6;IRRELEVANT;SOMEWHAT_RELEVANT
8;7;RELEVANT;RELEVANT
8;8;IRRELEVANT;IRRELEVANT
8;9;IRRELEVANT;IRRELEVANT
8;10;SOMEWHAT_RELEVANT;SOMEWHAT_RELEVANT
9;1;RELEVANT;SOMEWHAT_RELEVANT
9;2;IRRELEVANT;IRRELEVANT
9;3;IRRELEVANT;IRRELEVANT
9;4;SOMEWHAT_RELEVANT;RELEVANT
9;5;IRRELEVANT;IRRELEVANT
9;6;SOMEWHAT_RELEVANT;RELEVANT
9;7;RELEVANT;IRRELEVANT
9;8;RELEVANT;SOMEWHAT_RELEVANT
9;9;RELEVANT;IRRELEVANT
9;10;IRRELEVANT;SOMEWHAT_RELEVANT
10;1;SOMEWHAT_RELEVANT;RELEVANT
10;2;IRRELEVANT;SOMEWHAT_RELEVANT
10;3;SOMEWHAT_RELEVANT;RELEVANT
10;4;RELEVANT;SOMEWHAT_RELEVANT
10;5;SOMEWHAT_RELEVANT;RELEVANT
10;6;SOMEWHAT_RELEVANT;RELEVANT
10;7;RELEVANT;SOMEWHAT_RELEVANT
10;8;RELEVANT;RELEVANT
10;9;SOMEWHAT_RELEVANT;RELEVANT
10;10;IRRELEVANT;IRRELEVANT
11;1;IRRELEVANT;IRRELEVANT
11;2;SOMEWHAT_RELEVANT;IRRELEVANT
11;3;IRRELEVANT;SOMEWHAT_RELEVANT
11;4;RELEVANT;RELEVANT
11;5;RELEVANT;RELEVANT
11;6;RELEVANT;SOMEWHAT_RELEVANT
11;7;SOMEWHAT_RELEVANT;SOMEWHAT_RELEVANT
11;8;SOMEWHAT_RELEVANT;RELEVANT
11;9;SOMEWHAT_RELEVANT;RELEVANT
11;10;SOMEWHAT_RELEVANT;IRRELEVANT
12;1;RELEVANT;RELEVANT
12;2;IRRELEVANT;IRRELEVANT
12;3;RELEVANT;SOMEWHAT_RELEVANT
12;4;RELEVANT;RELEVANT
12;5;RELEVANT;RELEVANT
12;6;RELEVANT;SOMEWHAT_RELEVANT
12;7;IRRELEVANT;IRRELEVANT
12;8;RELEVANT;RELEVANT
12;9;RELEVANT;IRRELEVANT
12;10;IRRELEVANT;RELEVANT
13;1;RELEVANT;RELEVANT
13;2;RELEVANT;SOMEWHAT_RELEVANT
13;3;RELEVANT;RELEVANT
13;4;RELEVANT;SOMEWHAT_RELEVANT
13;5;RELEVANT;IRRELEVANT
13;6;RELEVANT;SOMEWHAT_RELEVANT
13;7;SOMEWHAT_RELEVANT;RELEVANT
13;8;SOMEWHAT_RELEVANT;SOMEWHAT_RELEVANT
13;9;RELEVANT;IRRELEVANT
13;10;SOMEWHAT_RELEVANT;SOMEWHAT_RELEVANT
14;1;SOMEWHAT_RELEVANT;SOMEWHAT_RELEVANT
14;2;RELEVANT;SOMEWHAT_RELEVANT
14;3;IRRELEVANT;SOMEWHAT_RELEVANT
14;4;SOMEWHAT_RELEVANT;RELEVANT
14;5;IRRELEVANT;SOMEWHAT_RELEVANT
14;6;RELEVANT;RELEVANT
14;7;RELEVANT;RELEVANT
14;8;SOMEWHAT_RELEVANT;IRRELEVANT
14;9;IRRELEVANT;SOMEWHAT_RELEVANT
14;10;RELEVANT;RELEVANT
15;1;RELEVANT;RELEVANT
15;2;SOMEWHAT_RELEVANT;RELEVANT
15;3;SOMEWHAT_RELEVANT;RELEVANT
15;4;IRRELEVANT;SOMEWHAT_RELEVANT
15;5;IRRELEVANT;RELEVANT
15;6;RELEVANT;SOMEWHAT_RELEVANT
15;7;IRRELEVANT;IRRELEVANT
15;8;SOMEWHAT_RELEVANT;RELEVANT
15;9;SOMEWHAT_RELEVANT;IRRELEVANT
15;10;SOMEWHAT_RELEVANT;RELEVANT
16;1;RELEVANT;IRRELEVANT
16;2;SOMEWHAT_RELEVANT;RELEVANT
16;3;SOMEWHAT_RELEVANT;RELEVANT
16;4;RELEVANT;RELEVANT
16;5;IRRELEVANT;RELEVANT
16;6;IRRELEVANT;RELEVANT
16;7;RELEVANT;RELEVANT
16;8;RELEVANT;RELEVANT
16;9;SOMEWHAT_RELEVANT;SOMEWHAT_RELEVANT
16;10;IRRELEVANT;SOMEWHAT_RELEVANT
17;1;IRRELEVANT;SOMEWHAT_RELEVANT
17;2;SOMEWHAT_RELEVANT;RELEVANT
17;3;IRRELEVANT;RELEVANT
17;4;IRRELEVANT;RELEVANT
17;5;RELEVANT;RELEVANT
17;6;RELEVANT;RELEVANT
17;7;SOMEWHAT_RELEVANT;IRRELEVANT
17;8;RELEVANT;RELEVANT
17;9;IRRELEVANT;RELEVANT
17;10;IRRELEVANT;SOMEWHAT_RELEVANT
18;1;IRRELEVANT;IRRELEVANT
18;2;IRRELEVANT;RELEVANT
18;3;IRRELEVANT;RELEVANT
18;4;RELEVANT;IRRELEVANT
18;5;RELEVANT;RELEVANT
18;6;IRRELEVANT;IRRELEVANT
18;7;SOMEWHAT_RELEVANT;RELEVANT
18;8;RELEVANT;SOMEWHAT_RELEVANT
18;9;IRRELEVANT;IRRELEVANT
18;10;IRRELEVANT;RELEVANT
19;1;SOMEWHAT_RELEVANT;RELEVANT
19;2;RELEVANT;RELEVANT
19;3;IRRELEVANT;SOMEWHAT_RELEVANT
19;4;RELEVANT;IRRELEVANT
19;5;IRRELEVANT;RELEVANT
19;6;IRRELEVANT;RELEVANT
19;7;RELEVANT;RELEVANT
19;8;SOMEWHAT_RELEVANT;RELEVANT
19;9;IRRELEVANT;SOMEWHAT_RELEVANT
19;10;SOMEWHAT_RELEVANT;RELEVANT
20;1;SOMEWHAT_RELEVANT;RELEVANT
20;2;SOMEWHAT_RELEVANT;SOMEWHAT_RELEVANT
20;3;RELEVANT;RELEVANT
20;4;RELEVANT;SOMEWHAT_RELEVANT
20;5;IRRELEVANT;SOMEWHAT_RELEVANT
20;6;IRRELEVANT;RELEVANT
20;7;RELEVANT;RELEVANT
20;8;IRRELEVANT;IRRELEVANT
20;9;SOMEWHAT_RELEVANT;IRRELEVANT
20;10;RELEVANT;RELEVANT
21;1;SOMEWHAT_RELEVANT;SOMEWHAT_RELEVANT
21;2;RELEVANT;RELEVANT
21;3;SOMEWHAT_RELEVANT;IRRELEVANT
21;4;RELEVANT;RELEVANT
21;5;SOMEWHAT_RELEVANT;SOMEWHAT_RELEVANT
21;6;RELEVANT;IRRELEVANT
21;7;IRRELEVANT;SOMEWHAT_RELEVANT
21;8;RELEVANT;IRRELEVANT
21;9;IRRELEVANT;SOMEWHAT_RELEVANT
21;10;IRRELEVANT;RELEVANT
22;1;SOMEWHAT_RELEVANT;IRRELEVANT
22;2;IRRELEVANT;SOMEWHAT_RELEVANT
22;3;IRRELEVANT;SOMEWHAT_RELEVANT
22;4;RELEVANT;IRRELEVANT
22;5;RELEVANT;IRRELEVANT
22;6;SOMEWHAT_RELEVANT;RELEVANT
22;7;IRRELEVANT;RELEVANT
22;8;SOMEWHAT_RELEVANT;RELEVANT
22;9;RELEVANT;SOMEWHAT_RELEVANT
22;10;IRRELEVANT;SOMEWHAT_RELEVANT
23;1;IRRELEVANT;RELEVANT
23;2;RELEVANT;RELEVANT
23;3;IRRELEVANT;RELEVANT
23;4;SOMEWHAT_RELEVANT;RELEVANT
23;5;SOMEWHAT_RELEVANT;RELEVANT
23;6;SOMEWHAT_RELEVANT;IRRELEVANT
23;7;IRRELEVANT;RELEVANT
23;8;IRRELEVANT;SOMEWHAT_RELEVANT
23;9;RELEVANT;IRRELEVANT
23;10;SOMEWHAT_RELEVANT;SOMEWHAT_RELEVANT
24;1;RELEVANT;RELEVANT
24;2;RELEVANT;IRRELEVANT
24;3;RELEVANT;SOMEWHAT_RELEVANT
24;4;SOMEWHAT_RELEVANT;RELEVANT
24;5;SOMEWHAT_RELEVANT;RELEVANT
24;6;RELEVANT;IRRELEVANT
24;7;RELEVANT;IRRELEVANT
24;8;RELEVANT;RELEVANT
24;9;RELEVANT;RELEVANT
24;10;SOMEWHAT_RELEVANT;SOMEWHAT_RELEVANT
25;1;RELEVANT;IRRELEVANT
25;2;RELEVANT;SOMEWHAT_RELEVANT
25;3;SOMEWHAT_RELEVANT;SOMEWHAT_RELEVANT
25;4;RELEVANT;RELEVANT
25;5;SOMEWHAT_RELEVANT;SOMEWHAT_RELEVANT
25;6;RELEVANT;SOMEWHAT_RELEVANT
25;7;RELEVANT;SOMEWHAT_RELEVANT
25;8;RELEVANT;RELEVANT
25;9;IRRELEVANT;IRRELEVANT
25;10;RELEVANT;SOMEWHAT_RELEVANT
26;1;IRRELEVANT;SOMEWHAT_RELEVANT
26;2;SOMEWHAT_RELEVANT;RELEVANT
26;3;RELEVANT;IRRELEVANT
26;4;RELEVANT;RELEVANT
26;5;IRRELEVANT;RELEVANT
26;6;SOMEWHAT_RELEVANT;RELEVANT
26;7;RELEVANT;RELEVANT
26;8;RELEVANT;RELEVANT
26;9;RELEVANT;RELEVANT
26;10;RELEVANT;IRRELEVANT
27;1;IRRELEVANT;IRRELEVANT
27;2;RELEVANT;SOMEWHAT_RELEVANT
27;3;IRRELEVANT;IRRELEVANT
27;4;RELEVANT;RELEVANT
27;5;SOMEWHAT_RELEVANT;SOMEWHAT_RELEVANT
27;6;SOMEWHAT_RELEVANT;IRRELEVANT
27;7;IRRELEVANT;RELEVANT
27;8;RELEVANT;SOMEWHAT_RELEVANT
27;9;RELEVANT;RELEVANT
27;10;IRRELEVANT;IRRELEVANT
28;1;RELEVANT;RELEVANT
28;2;RELEVANT;RELEVANT
28;3;RELEVANT;RELEVANT
28;4;SOMEWHAT_RELEVANT;RELEVANT
28;5;IRRELEVANT;IRRELEVANT
28;6;RELEVANT;RELEVANT
28;7;SOMEWHAT_RELEVANT;IRRELEVANT
28;8;IRRELEVANT;RELEVANT
28;9;IRRELEVANT;IRRELEVANT
28;10;SOMEWHAT_RELEVANT;RELEVANT
29;1;RELEVANT;RELEVANT
29;2;IRRELEVANT;RELEVANT
29;3;RELEVANT;SOMEWHAT_RELEVANT
29;4;SOMEWHAT_RELEVANT;RELEVANT
29;5;RELEVANT;RELEVANT
29;6;SOMEWHAT_RELEVANT;SOMEWHAT_RELEVANT
29;7;IRRELEVANT;RELEVANT
29;8;IRRELEVANT;RELEVANT
29;9;IRRELEVANT;RELEVANT
29;10;RELEVANT;RELEVANT
30;1;IRRELEVANT;IRRELEVANT
30;2;RELEVANT;RELEVANT
30;3;SOMEWHAT_RELEVANT;RELEVANT
30;4;RELEVANT;SOMEWHAT_RELEVANT
30;5;SOMEWHAT_RELEVANT;RELEVANT
30;6;IRRELEVANT;IRRELEVANT
30;7;IRRELEVANT;RELEVANT
30;8;RELEVANT;RELEVANT
30;9;SOMEWHAT_RELEVANT;SOMEWHAT_RELEVANT
30;10;SOMEWHAT_RELEVANT;RELEVANT
31;1;IRRELEVANT;SOMEWHAT_RELEVANT
31;2;RELEVANT;IRRELEVANT
31;3;RELEVANT;SOMEWHAT_RELEVANT
31;4;RELEVANT;RELEVANT
31;5;RELEVANT;RELEVANT
31;6;SOMEWHAT_RELEVANT;IRRELEVANT
31;7;SOMEWHAT_RELEVANT;RELEVANT
31;8;SOMEWHAT_RELEVANT;RELEVANT
31;9;SOMEWHAT_RELEVANT;IRRELEVANT
31;10;RELEVANT;SOMEWHAT_RELEVANT
32;1;IRRELEVANT;SOMEWHAT_RELEVANT
32;2;RELEVANT;RELEVANT
32;3;IRRELEVANT;RELEVANT
32;4;RELEVANT;RELEVANT
32;5;SOMEWHAT_RELEVANT;RELEVANT
32;6;SOMEWHAT_RELEVANT;RELEVANT
32;7;RELEVANT;RELEVANT
32;8;IRRELEVANT;SOMEWHAT_RELEVANT
32;9;RELEVANT;RELEVANT
32;10;RELEVANT;RELEVANT
33;1;RELEVANT;RELEVANT
33;2;IRRELEVANT;IRRELEVANT
33;3;RELEVANT;IRRELEVANT
33;4;RELEVANT;RELEVANT
33;5;IRRELEVANT;RELEVANT
33;6;SOMEWHAT_RELEVANT;RELEVANT
33;7;IRRELEVANT;SOMEWHAT_RELEVANT
33;8;RELEVANT;RELEVANT
33;9;SOMEWHAT_RELEVANT;RELEVANT
33;10;IRRELEVANT;SOMEWHAT_RELEVANT
34;1;IRRELEVANT;IRRELEVANT
34;2;SOMEWHAT_RELEVANT;RELEVANT
34;3;RELEVANT;RELEVANT
34;4;SOMEWHAT_RELEVANT;SOMEWHAT_RELEVANT
34;5;SOMEWHAT_RELEVANT;RELEVANT
34;6;IRRELEVANT;SOMEWHAT_RELEVANT
34;7;RELEVANT;IRRELEVANT
34;8;RELEVANT;RELEVANT
34;9;SOMEWHAT_RELEVANT;IRRELEVANT
34;10;RELEVANT;SOMEWHAT_RELEVANT
35;1;RELEVANT;RELEVANT
35;2;RELEVANT;IRRELEVANT
35;3;SOMEWHAT_RELEVANT;RELEVANT
35;4;SOMEWHAT_RELEVANT;RELEVANT
35;5;SOMEWHAT_RELEVANT;SOMEWHAT_RELEVANT
35;6;RELEVANT;RELEVANT
35;7;RELEVANT;RELEVANT
35;8;RELEVANT;RELEVANT
35;9;SOMEWHAT_RELEVANT;RELEVANT
35;10;RELEVANT;RELEVANT
36;1;SOMEWHAT_RELEVANT;RELEVANT
36;2;SOMEWHAT_RELEVANT;SOMEWHAT_RELEVANT
36;3;RELEVANT;RELEVANT
36;4;SOMEWHAT_RELEVANT;IRRELEVANT
36;5;RELEVANT;IRRELEVANT
36;6;SOMEWHAT_RELEVANT;SOMEWHAT_RELEVANT
36;7;IRRELEVANT;IRRELEVANT
36;8;RELEVANT;RELEVANT
36;9;RELEVANT;RELEVANT
36;10;IRRELEVANT;IRRELEVANT
37;1;IRRELEVANT;RELEVANT
37;2;SOMEWHAT_RELEVANT;RELEVANT
37;3;RELEVANT;IRRELEVANT
37;4;RELEVANT;IRRELEVANT
37;5;IRRELEVANT;RELEVANT
37;6;IRRELEVANT;RELEVANT
37;7;RELEVANT;SOMEWHAT_RELEVANT
37;8;SOMEWHAT_RELEVANT;SOMEWHAT_RELEVANT
37;9;SOMEWHAT_RELEVANT;SOMEWHAT_RELEVANT
37;10;IRRELEVANT;SOMEWHAT_RELEVANT
38;1;IRRELEVANT;RELEVANT
38;2;RELEVANT;SOMEWHAT_RELEVANT
38;3;SOMEWHAT_RELEVANT;SOMEWHAT_RELEVANT
38;4;IRRELEVANT;IRRELEVANT
38;5;SOMEWHAT_RELEVANT;RELEVANT
38;6;IRRELEVANT;RELEVANT
38;7;SOMEWHAT_RELEVANT;SOMEWHAT_RELEVANT
38;8;SOMEWHAT_RELEVANT;RELEVANT
38;9;SOMEWHAT_RELEVANT;IRRELEVANT
38;10;SOMEWHAT_RELEVANT;RELEVANT
39;1;SOMEWHAT_RELEVANT;RELEVANT
39;2;IRRELEVANT;IRRELEVANT
39;3;SOMEWHAT_RELEVANT;RELEVANT
39;4;RELEVANT;IRRELEVANT
39;5;RELEVANT;SOMEWHAT_RELEVANT
39;6;SOMEWHAT_RELEVANT;RELEVANT
39;7;RELEVANT;IRRELEVANT
39;8;IRRELEVANT;IRRELEVANT
39;9;RELEVANT;RELEVANT
39;10;SOMEWHAT_RELEVANT;SOMEWHAT_RELEVANT
40;1;IRRELEVANT;SOMEWHAT_RELEVANT
40;2;RELEVANT;IRRELEVANT
40;3;IRRELEVANT;RELEVANT
40;4;IRRELEVANT;RELEVANT
40;5;IRRELEVANT;IRRELEVANT
40;6;IRRELEVANT;SOMEWHAT_RELEVANT
40;7;RELEVANT;RELEVANT
40;8;RELEVANT;IRRELEVANT
40;9;RELEVANT;RELEVANT
40;10;IRRELEVANT;RELEVANT
41;1;SOMEWHAT_RELEVANT;RELEVANT
41;2;IRRELEVANT;SOMEWHAT_RELEVANT
41;3;SOMEWHAT_RELEVANT;RELEVANT
41;4;IRRELEVANT;RELEVANT
41;5;RELEVANT;RELEVANT
41;6;SOMEWHAT_RELEVANT;SOMEWHAT_RELEVANT
41;7;IRRELEVANT;RELEVANT
41;8;IRRELEVANT;RELEVANT
41;9;RELEVANT;IRRELEVANT
41;10;RELEVANT;RELEVANT
42;1;IRRELEVANT;IRRELEVANT
42;2;RELEVANT;SOMEWHAT_RELEVANT
42;3;RELEVANT;IRRELEVANT
42;4;RELEVANT;RELEVANT
42;5;RELEVANT;RELEVANT
42;6;RELEVANT;RELEVANT
42;7;RELEVANT;RELEVANT
42;8;IRRELEVANT;RELEVANT
42;9;IRRELEVANT;RELEVANT
42;10;IRRELEVANT;RELEVANT
43;1;RELEVANT;RELEVANT
43;2;SOMEWHAT_RELEVANT;RELEVANT
43;3;RELEVANT;RELEVANT
43;4;RELEVANT;RELEVANT
43;5;RELEVANT;SOMEWHAT_RELEVANT
43;6;IRRELEVANT;SOMEWHAT_RELEVANT
43;7;SOMEWHAT_RELEVANT;RELEVANT
43;8;IRRELEVANT;RELEVANT
43;9;SOMEWHAT_RELEVANT;SOMEWHAT_RELEVANT
43;10;IRRELEVANT;RELEVANT
44;1;RELEVANT;SOMEWHAT_RELEVANT
44;2;SOMEWHAT_RELEVANT;SOMEWHAT_RELEVANT
44;3;SOMEWHAT_RELEVANT;RELEVANT
44;4;IRRELEVANT;IRRELEVANT
44;5;SOMEWHAT_RELEVANT;SOMEWHAT_RELEVANT
44;6;RELEVANT;IRRELEVANT
44;7;IRRELEVANT;RELEVANT
44;8;IRRELEVANT;SOMEWHAT_RELEVANT
44;9;SOMEWHAT_RELEVANT;RELEVANT
44;10;IRRELEVANT;RELEVANT
45;1;SOMEWHAT_RELEVANT;IRRELEVANT
45;2;SOMEWHAT_RELEVANT;RELEVANT
45;3;RELEVANT;RELEVANT
45;4;IRRELEVANT;SOMEWHAT_RELEVANT
45;5;SOMEWHAT_RELEVANT;SOMEWHAT_RELEVANT
45;6;RELEVANT;IRRELEVANT
45;7;SOMEWHAT_RELEVANT;IRRELEVANT
45;8;IRRELEVANT;RELEVANT
45;9;IRRELEVANT;IRRELEVANT
45;10;SOMEWHAT_RELEVANT;SOMEWHAT_RELEVANT
46;1;IRRELEVANT;RELEVANT
46;2;RELEVANT;IRRELEVANT
46;3;SOMEWHAT_RELEVANT;RELEVANT
46;4;RELEVANT;IRRELEVANT
46;5;SOMEWHAT_RELEVANT;RELEVANT
46;6;SOMEWHAT_RELEVANT;SOMEWHAT_RELEVANT
46;7;RELEVANT;RELEVANT
46;8;SOMEWHAT_RELEVANT;SOMEWHAT_RELEVANT
46;9;IRRELEVANT;IRRELEVANT
46;10;IRRELEVANT;RELEVANT
47;1;SOMEWHAT_RELEVANT;SOMEWHAT_RELEVANT
47;2;SOMEWHAT_RELEVANT;SOMEWHAT_RELEVANT
47;3;IRRELEVANT;IRRELEVANT
47;4;SOMEWHAT_RELEVANT;RELEVANT
47;5;SOMEWHAT_RELEVANT;RELEVANT
47;6;RELEVANT;SOMEWHAT_RELEVANT
47;7;RELEVANT;RELEVANT
47;8;SOMEWHAT_RELEVANT;RELEVANT
47;9;SOMEWHAT_RELEVANT;RELEVANT
47;10;RELEVANT;RELEVANT
48;1;RELEVANT;RELEVANT
48;2;IRRELEVANT;RELEVANT
48;3;IRRELEVANT;IRRELEVANT
48;4;IRRELEVANT;IRRELEVANT
48;5;SOMEWHAT_RELEVANT;RELEVANT
48;6;IRRELEVANT;RELEVANT
48;7;RELEVANT;RELEVANT
48;8;SOMEWHAT_RELEVANT;IRRELEVANT
48;9;SOMEWHAT_RELEVANT;RELEVANT
48;10;SOMEWHAT_RELEVANT;IRRELEVANT
49;1;RELEVANT;IRRELEVANT
49;2;RELEVANT;IRRELEVANT
49;3;SOMEWHAT_RELEVANT;RELEVANT
49;4;RELEVANT;SOMEWHAT_RELEVANT
49;5;IRRELEVANT;RELEVANT
49;6;SOMEWHAT_RELEVANT;RELEVANT
49;7;RELEVANT;IRRELEVANT
49;8;SOMEWHAT_RELEVANT;RELEVANT
49;9;RELEVANT;SOMEWHAT_RELEVANT
49;10;IRRELEVANT;SOMEWHAT_RELEVANT
50;1;IRRELEVANT;RELEVANT
50;2;IRRELEVANT;SOMEWHAT_RELEVANT
50;3;SOMEWHAT_RELEVANT;IRRELEVANT
50;4;RELEVANT;RELEVANT
50;5;RELEVANT;RELEVANT
50;6;RELEVANT;RELEVANT
50;7;RELEVANT;RELEVANT
50;8;RELEVANT;IRRELEVANT
50;9;IRRELEVANT;RELEVANT
50;10;SOMEWHAT_RELEVANT;RELEVANT
51;1;RELEVANT;IRRELEVANT
51;2;SOMEWHAT_RELEVANT;IRRELEVANT
51;3;IRRELEVANT;SOMEWHAT_RELEVANT
51;4;SOMEWHAT_RELEVANT;RELEVANT
51;5;SOMEWHAT_RELEVANT;RELEVANT
51;6;RELEVANT;RELEVANT
51;7;RELEVANT;IRRELEVANT
51;8;SOMEWHAT_RELEVANT;RELEVANT
51;9;IRRELEVANT;RELEVANT
51;10;RELEVANT;RELEVANT
52;1;SOMEWHAT_RELEVANT;SOMEWHAT_RELEVANT
52;2;RELEVANT;RELEVANT
52;3;IRRELEVANT;IRRELEVANT
52;4;SOMEWHAT_RELEVANT;IRRELEVANT
52;5;SOMEWHAT_RELEVANT;RELEVANT
52;6;SOMEWHAT_RELEVANT;RELEVANT
52;7;RELEVANT;SOMEWHAT_RELEVANT
52;8;RELEVANT;RELEVANT
52;9;IRRELEVANT;RELEVANT
52;10;RELEVANT;RELEVANT
53;1;RELEVANT;IRRELEVANT
53;2;SOMEWHAT_RELEVANT;SOMEWHAT_RELEVANT
53;3;RELEVANT;IRRELEVANT
53;4;IRRELEVANT;SOMEWHAT_RELEVANT
53;5;IRRELEVANT;RELEVANT
53;6;SOMEWHAT_RELEVANT;SOMEWHAT_RELEVANT
53;7;RELEVANT;SOMEWHAT_RELEVANT
53;8;SOMEWHAT_RELEVANT;IRRELEVANT
53;9;RELEVANT;SOMEWHAT_RELEVANT
53;10;SOMEWHAT_RELEVANT;RELEVANT
54;1;IRRELEVANT;RELEVANT
54;2;RELEVANT;RELEVANT
54;3;SOMEWHAT_RELEVANT;IRRELEVANT
54;4;RELEVANT;RELEVANT
54;5;IRRELEVANT;IRRELEVANT
54;6;RELEVANT;RELEVANT
54;7;IRRELEVANT;RELEVANT
54;8;SOMEWHAT_RELEVANT;RELEVANT
54;9;RELEVANT;RELEVANT
54;10;IRRELEVANT;IRRELEVANT
55;1;IRRELEVANT;SOMEWHAT_RELEVANT
55;2;RELEVANT;IRRELEVANT
55;3;IRRELEVANT;RELEVANT
55;4;RELEVANT;RELEVANT
55;5;IRRELEVANT;RELEVANT
55;6;RELEVANT;RELEVANT
55;7;IRRELEVANT;IRRELEVANT
55;8;SOMEWHAT_RELEVANT;SOMEWHAT_RELEVANT
55;9;RELEVANT;RELEVANT
55;10;SOMEWHAT_RELEVANT;RELEVANT
56;1;RELEVANT;RELEVANT
56;2;SOMEWHAT_RELEVANT;RELEVANT
56;3;RELEVANT;RELEVANT
56;4;SOMEWHAT_RELEVANT;RELEVANT
56;5;IRRELEVANT;RELEVANT
56;6;RELEVANT;RELEVANT
56;7;RELEVANT;IRRELEVANT
56;8;IRRELEVANT;RELEVANT
56;9;RELEVANT;RELEVANT
56;10;IRRELEVANT;SOMEWHAT_RELEVANT
57;1;RELEVANT;SOMEWHAT_RELEVANT
57;2;IRRELEVANT;RELEVANT
57;3;SOMEWHAT_RELEVANT;RELEVANT
57;4;SOMEWHAT_RELEVANT;SOMEWHAT_RELEVANT
57;5;RELEVANT;SOMEWHAT_RELEVANT
57;6;RELEVANT;RELEVANT
57;7;IRRELEVANT;RELEVANT
57;8;RELEVANT;RELEVANT
57;9;RELEVANT;RELEVANT
57;10;SOMEWHAT_RELEVANT;RELEVANT
58;1;IRRELEVANT;SOMEWHAT_RELEVANT
58;2;RELEVANT;RELEVANT
58;3;RELEVANT;RELEVANT
58;4;SOMEWHAT_RELEVANT;RELEVANT
58;5;RELEVANT;RELEVANT
58;6;RELEVANT;RELEVANT
58;7;IRRELEVANT;SOMEWHAT_RELEVANT
58;8;RELEVANT;SOMEWHAT_RELEVANT
58;9;RELEVANT;RELEVANT
58;10;RELEVANT;SOMEWHAT_RELEVANT
59;1;RELEVANT;RELEVANT
59;2;RELEVANT;IRRELEVANT
59;3;SOMEWHAT_RELEVANT;SOMEWHAT_RELEVANT
59;4;IRRELEVANT;RELEVANT
59;5;RELEVANT;RELEVANT
59;6;SOMEWHAT_RELEVANT;IRRELEVANT
59;7;IRRELEVANT;RELEVANT
59;8;RELEVANT;RELEVANT
59;9;RELEVANT;RELEVANT
59;10;IRRELEVANT;IRRELEVANT
60;1;RELEVANT;RELEVANT
60;2;IRRELEVANT;RELEVANT
60;3;SOMEWHAT_RELEVANT;RELEVANT
60;4;SOMEWHAT_RELEVANT;RELEVANT
60;5;IRRELEVANT;IRRELEVANT
60;6;RELEVANT;SOMEWHAT_RELEVANT
60;7;IRRELEVANT;RELEVANT
60;8;SOMEWHAT_RELEVANT;RELEVANT
60;9;SOMEWHAT_RELEVANT;IRRELEVANT
60;10;SOMEWHAT_RELEVANT;RELEVANT
61;1;RELEVANT;RELEVANT
61;2;SOMEWHAT_RELEVANT;RELEVANT
61;3;RELEVANT;SOMEWHAT_RELEVANT
61;4;RELEVANT;RELEVANT
61;5;SOMEWHAT_RELEVANT;SOMEWHAT_RELEVANT
61;6;SOMEWHAT_RELEVANT;SOMEWHAT_RELEVANT
61;7;RELEVANT;RELEVANT
61;8;SOMEWHAT_RELEVANT;RELEVANT
61;9;IRRELEVANT;RELEVANT
61;10;SOMEWHAT_RELEVANT;RELEVANT
62;1;SOMEWHAT_RELEVANT;IRRELEVANT
62;2;RELEVANT;RELEVANT
62;3;IRRELEVANT;RELEVANT
62;4;IRRELEVANT;IRRELEVANT
62;5;IRRELEVANT;IRRELEVANT
62;6;SOMEWHAT_RELEVANT;RELEVANT
62;7;IRRELEVANT;SOMEWHAT_RELEVANT
62;8;IRRELEVANT;RELEVANT
62;9;RELEVANT;IRRELEVANT
62;10;IRRELEVANT;IRRELEVANT
63;1;RELEVANT;RELEVANT
63;2;RELEVANT;SOMEWHAT_RELEVANT
63;3;RELEVANT;IRRELEVANT
63;4;RELEVANT;RELEVANT
63;5;IRRELEVANT;SOMEWHAT_RELEVANT
63;6;SOMEWHAT_RELEVANT;SOMEWHAT_RELEVANT
63;7;RELEVANT;RELEVANT
63;8;IRRELEVANT;SOMEWHAT_RELEVANT
63;9;IRRELEVANT;RELEVANT
63;10;RELEVANT;RELEVANT
64;1;SOMEWHAT_RELEVANT;RELEVANT
64;2;RELEVANT;IRRELEVANT
64;3;IRRELEVANT;IRRELEVANT
64;4;RELEVANT;SOMEWHAT_RELEVANT
64;5;RELEVANT;RELEVANT
64;6;IRRELEVANT;SOMEWHAT_RELEVANT
64;7;RELEVANT;SOMEWHAT_RELEVANT
64;8;IRRELEVANT;RELEVANT
64;9;RELEVANT;IRRELEVANT
64;10;SOMEWHAT_RELEVANT;IRRELEVANT
65;1;RELEVANT;IRRELEVANT
65;2;RELEVANT;IRRELEVANT
65;3;RELEVANT;SOMEWHAT_RELEVANT
65;4;RELEVANT;RELEVANT
65;5;RELEVANT;RELEVANT
65;6;RELEVANT;RELEVANT
65;7;RELEVANT;SOMEWHAT_RELEVANT
65;8;SOMEWHAT_RELEVANT;IRRELEVANT
65;9;RELEVANT;SOMEWHAT_RELEVANT
65;10;IRRELEVANT;RELEVANT
66;1;IRRELEVANT;SOMEWHAT_RELEVANT
66;2;IRRELEVANT;RELEVANT
66;3;RELEVANT;IRRELEVANT
66;4;RELEVANT;RELEVANT
66;5;RELEVANT;RELEVANT
66;6;IRRELEVANT;RELEVANT
66;7;IRRELEVANT;RELEVANT
66;8;RELEVANT;IRRELEVANT
66;9;RELEVANT;RELEVANT
66;10;SOMEWHAT_RELEVANT;SOMEWHAT_RELEVANT
67;1;SOMEWHAT_RELEVANT;RELEVANT
67;2;SOMEWHAT_RELEVANT;SOMEWHAT_RELEVANT
67;3;RELEVANT;RELEVANT
67;4;IRRELEVANT;IRRELEVANT
67;5;SOMEWHAT_RELEVANT;RELEVANT
67;6;RELEVANT;RELEVANT
67;7;RELEVANT;RELEVANT
67;8;SOMEWHAT_RELEVANT;RELEVANT
67;9;RELEVANT;RELEVANT
67;10;SOMEWHAT_RELEVANT;RELEVANT
68;1;SOMEWHAT_RELEVANT;IRRELEVANT
68;2;IRRELEVANT;RELEVANT
68;3;SOMEWHAT_RELEVANT;RELEVANT
68;4;IRRELEVANT;RELEVANT
68;5;IRRELEVANT;RELEVANT
68;6;SOMEWHAT_RELEVANT;RELEVANT
68;7;RELEVANT;IRRELEVANT
68;8;RELEVANT;IRRELEVANT
68;9;RELEVANT;RELEVANT
68;10;IRRELEVANT;RELEVANT
69;1;IRRELEVANT;IRRELEVANT
69;2;IRRELEVANT;IRRELEVANT
69;3;IRRELEVANT;RELEVANT
69;4;IRRELEVANT;SOMEWHAT_RELEVANT
69;5;IRRELEVANT;SOMEWHAT_RELEVANT
69;6;SOMEWHAT_RELEVANT;SOMEWHAT_RELEVANT
69;7;SOMEWHAT_RELEVANT;RELEVANT
69;8;IRRELEVANT;RELEVANT
69;9;IRRELEVANT;RELEVANT
69;10;RELEVANT;RELEVANT
70;1;SOMEWHAT_RELEVANT;IRRELEVANT
70;2;SOMEWHAT_RELEVANT;IRRELEVANT
70;3;SOMEWHAT_RELEVANT;RELEVANT
70;4;SOMEWHAT_RELEVANT;IRRELEVANT
70;5;RELEVANT;RELEVANT
70;6;RELEVANT;SOMEWHAT_RELEVANT
70;7;RELEVANT;RELEVANT
70;8;SOMEWHAT_RELEVANT;RELEVANT
70;9;SOMEWHAT_RELEVANT;RELEVANT
70;10;RELEVANT;IRRELEVANT
71;1;IRRELEVANT;RELEVANT
71;2;RELEVANT;RELEVANT
71;3;RELEVANT;SOMEWHAT_RELEVANT
71;4;IRRELEVANT;RELEVANT
71;5;RELEVANT;RELEVANT
71;6;SOMEWHAT_RELEVANT;RELEVANT
71;7;RELEVANT;SOMEWHAT_RELEVANT
71;8;RELEVANT;RELEVANT
71;9;RELEVANT;IRRELEVANT
71;10;IRRELEVANT;RELEVANT
72;1;IRRELEVANT;RELEVANT
72;2;RELEVANT;RELEVANT
72;3;RELEVANT;IRRELEVANT
72;4;SOMEWHAT_RELEVANT;SOMEWHAT_RELEVANT
72;5;RELEVANT;SOMEWHAT_RELEVANT
72;6;IRRELEVANT;RELEVANT
72;7;IRRELEVANT;IRRELEVANT
72;8;SOMEWHAT_RELEVANT;RELEVANT
72;9;SOMEWHAT_RELEVANT;RELEVANT
72;10;IRRELEVANT;RELEVANT
73;1;IRRELEVANT;RELEVANT
73;2;RELEVANT;RELEVANT
73;3;RELEVANT;RELEVANT
73;4;SOMEWHAT_RELEVANT;RELEVANT
73;5;RELEVANT;RELEVANT
73;6;RELEVANT;RELEVANT
73;7;RELEVANT;RELEVANT
73;8;IRRELEVANT;RELEVANT
73;9;SOMEWHAT_RELEVANT;IRRELEVANT
73;10;IRRELEVANT;RELEVANT
74;1;IRRELEVANT;IRRELEVANT
74;2;SOMEWHAT_RELEVANT;RELEVANT
74;3;RELEVANT;RELEVANT
74;4;RELEVANT;IRRELEVANT
74;5;SOMEWHAT_RELEVANT;SOMEWHAT_RELEVANT
74;6;SOMEWHAT_RELEVANT;SOMEWHAT_RELEVANT
74;7;IRRELEVANT;RELEVANT
74;8;RELEVANT;SOMEWHAT_RELEVANT
74;9;RELEVANT;RELEVANT
74;10;IRRELEVANT;IRRELEVANT
75;1;SOMEWHAT_RELEVANT;SOMEWHAT_RELEVANT
75;2;RELEVANT;RELEVANT
75;3;SOMEWHAT_RELEVANT;RELEVANT
75;4;SOMEWHAT_RELEVANT;RELEVANT
75;5;IRRELEVANT;RELEVANT
75;6;IRRELEVANT;SOMEWHAT_RELEVANT
75;7;RELEVANT;IRRELEVANT
75;8;RELEVANT;RELEVANT
75;9;RELEVANT;RELEVANT
75;10;RELEVANT;SOMEWHAT_RELEVANT
76;1;RELEVANT;SOMEWHAT_RELEVANT
76;2;RELEVANT;RELEVANT
76;3;RELEVANT;RELEVANT
76;4;SOMEWHAT_RELEVANT;IRRELEVANT
76;5;SOMEWHAT_RELEVANT;RELEVANT
76;6;SOMEWHAT_RELEVANT;IRRELEVANT
76;7;IRRELEVANT;RELEVANT
76;8;SOMEWHAT_RELEVANT;RELEVANT
76;9;SOMEWHAT_RELEVANT;SOMEWHAT_RELEVANT
76;10;RELEVANT;RELEVANT
77;1;SOMEWHAT_RELEVANT;IRRELEVANT
77;2;RELEVANT;RELEVANT
77;3;SOMEWHAT_RELEVANT;RELEVANT
77;4;RELEVANT;SOMEWHAT_RELEVANT
77;5;IRRELEVANT;IRRELEVANT
77;6;RELEVANT;RELEVANT
77;7;SOMEWHAT_RELEVANT;SOMEWHAT_RELEVANT
77;8;RELEVANT;SOMEWHAT_RELEVANT
77;9;RELEVANT;RELEVANT
77;10;IRRELEVANT;RELEVANT
78;1;RELEVANT;RELEVANT
78;2;IRRELEVANT;RELEVANT
78;3;RELEVANT;RELEVANT
78;4;RELEVANT;RELEVANT
78;5;RELEVANT;RELEVANT
78;6;SOMEWHAT_RELEVANT;RELEVANT
78;7;RELEVANT;RELEVANT
78;8;SOMEWHAT_RELEVANT;RELEVANT
78;9;IRRELEVANT;IRRELEVANT
78;10;IRRELEVANT;IRRELEVANT
79;1;RELEVANT;SOMEWHAT_RELEVANT
79;2;SOMEWHAT_RELEVANT;SOMEWHAT_RELEVANT
79;3;SOMEWHAT_RELEVANT;SOMEWHAT_RELEVANT
79;4;RELEVANT;RELEVANT
79;5;SOMEWHAT_RELEVANT;IRRELEVANT
79;6;IRRELEVANT;SOMEWHAT_RELEVANT
79;7;RELEVANT;SOMEWHAT_RELEVANT
79;8;SOMEWHAT_RELEVANT;RELEVANT
79;9;IRRELEVANT;RELEVANT
79;10;SOMEWHAT_RELEVANT;SOMEWHAT_RELEVANT
80;1;RELEVANT;IRRELEVANT
80;2;SOMEWHAT_RELEVANT;RELEVANT
80;3;IRRELEVANT;RELEVANT
80;4;IRRELEVANT;RELEVANT
80;5;IRRELEVANT;RELEVANT
80;6;RELEVANT;RELEVANT
80;7;IRRELEVANT;IRRELEVANT
80;8;RELEVANT;IRRELEVANT
80;9;SOMEWHAT_RELEVANT;SOMEWHAT_RELEVANT
80;10;RELEVANT;RELEVANT
81;1;RELEVANT;SOMEWHAT_RELEVANT
81;2;IRRELEVANT;RELEVANT
81;3;IRRELEVANT;RELEVANT
81;4;IRRELEVANT;RELEVANT
81;5;RELEVANT;SOMEWHAT_RELEVANT
81;6;IRRELEVANT;RELEVANT
81;7;IRRELEVANT;RELEVANT
81;8;SOMEWHAT_RELEVANT;RELEVANT
81;9;RELEVANT;IRRELEVANT
81;10;SOMEWHAT_RELEVANT;RELEVANT
82;1;SOMEWHAT_RELEVANT;SOMEWHAT_RELEVANT
82;2;SOMEWHAT_RELEVANT;RELEVANT
82;3;IRRELEVANT;RELEVANT
82;4;RELEVANT;SOMEWHAT_RELEVANT
82;5;SOMEWHAT_RELEVANT;RELEVANT
82;6;RELEVANT;IRRELEVANT
82;7;RELEVANT;RELEVANT
82;8;IRRELEVANT;IRRELEVANT
82;9;IRRELEVANT;SOMEWHAT_RELEVANT
82;10;IRRELEVANT;RELEVANT
83;1;RELEVANT;RELEVANT
83;2;SOMEWHAT_RELEVANT;SOMEWHAT_RELEVANT
83;3;RELEVANT;RELEVANT
83;4;RELEVANT;SOMEWHAT_RELEVANT
83;5;SOMEWHAT_RELEVANT;IRRELEVANT
83;6;IRRELEVANT;RELEVANT
83;7;RELEVANT;RELEVANT
83;8;SOMEWHAT_RELEVANT;SOMEWHAT_RELEVANT
83;9;IRRELEVANT;IRRELEVANT
83;10;RELEVANT;RELEVANT
84;1;RELEVANT;RELEVANT
84;2;RELEVANT;RELEVANT
84;3;RELEVANT;RELEVANT
84;4;IRRELEVANT;IRRELEVANT
84;5;IRRELEVANT;RELEVANT
84;6;SOMEWHAT_RELEVANT;SOMEWHAT_RELEVANT
84;7;IRRELEVANT;RELEVANT
84;8;RELEVANT;SOMEWHAT_RELEVANT
84;9;IRRELEVANT;IRRELEVANT
84;10;IRRELEVANT;RELEVANT
85;1;SOMEWHAT_RELEVANT;RELEVANT
85;2;RELEVANT;RELEVANT
85;3;RELEVANT;IRRELEVANT
85;4;SOMEWHAT_RELEVANT;SOMEWHAT_RELEVANT
85;5;RELEVANT;RELEVANT
85;6;SOMEWHAT_RELEVANT;RELEVANT
85;7;SOMEWHAT_RELEVANT;RELEVANT
85;8;RELEVANT;IRRELEVANT
85;9;SOMEWHAT_RELEVANT;RELEVANT
85;10;RELEVANT;IRRELEVANT
86;1;IRRELEVANT;RELEVANT
86;2;RELEVANT;RELEVANT
86;3;SOMEWHAT_RELEVANT;RELEVANT
86;4;SOMEWHAT_RELEVANT;RELEVANT
86;5;RELEVANT;SOMEWHAT_RELEVANT
86;6;IRRELEVANT;RELEVANT
86;7;RELEVANT;RELEVANT
86;8;RELEVANT;RELEVANT
86;9;SOMEWHAT_RELEVANT;RELEVANT
86;10;RELEVANT;RELEVANT
87;1;SOMEWHAT_RELEVANT;RELEVANT
87;2;IRRELEVANT;RELEVANT
87;3;RELEVANT;RELEVANT
87;4;IRRELEVANT;RELEVANT
87;5;RELEVANT;SOMEWHAT_RELEVANT
87;6;IRRELEVANT;RELEVANT
87;7;IRRELEVANT;RELEVANT
87;8;RELEVANT;RELEVANT
87;9;IRRELEVANT;SOMEWHAT_RELEVANT
87;10;SOMEWHAT_RELEVANT;RELEVANT
88;1;IRRELEVANT;RELEVANT
88;2;SOMEWHAT_RELEVANT;RELEVANT
88;3;RELEVANT;RELEVANT
88;4;SOMEWHAT_RELEVANT;RELEVANT
88;5;IRRELEVANT;RELEVANT
88;6;SOMEWHAT_RELEVANT;RELEVANT
88;7;IRRELEVANT;IRRELEVANT
88;8;IRRELEVANT;RELEVANT
88;9;SOMEWHAT_RELEVANT;RELEVANT
88;10;RELEVANT;RELEVANT
89;1;RELEVANT;RELEVANT
89;2;RELEVANT;RELEVANT
89;3;IRRELEVANT;SOMEWHAT_RELEVANT
89;4;SOMEWHAT_RELEVANT;RELEVANT
89;5;RELEVANT;RELEVANT
89;6;RELEVANT;RELEVANT
89;7;RELEVANT;RELEVANT
89;8;SOMEWHAT_RELEVANT;RELEVANT
89;9;RELEVANT;RELEVANT
89;10;SOMEWHAT_RELEVANT;RELEVANT
90;1;RELEVANT;RELEVANT
90;2;SOMEWHAT_RELEVANT;IRRELEVANT
90;3;IRRELEVANT;IRRELEVANT
90;4;RELEVANT;RELEVANT
90;5;SOMEWHAT_RELEVANT;SOMEWHAT_RELEVANT
90;6;RELEVANT;RELEVANT
90;7;RELEVANT;RELEVANT
90;8;RELEVANT;SOMEWHAT_RELEVANT
90;9;IRRELEVANT;RELEVANT
90;10;RELEVANT;RELEVANT
91;1;IRRELEVANT;RELEVANT
91;2;IRRELEVANT;RELEVANT
91;3;RELEVANT;SOMEWHAT_RELEVANT
91;4;RELEVANT;IRRELEVANT
91;5;IRRELEVANT;RELEVANT
91;6;RELEVANT;RELEVANT
91;7;RELEVANT;RELEVANT
91;8;SOMEWHAT_RELEVANT;RELEVANT
91;9;IRRELEVANT;IRRELEVANT
91;10;IRRELEVANT;IRRELEVANT
92;1;SOMEWHAT_RELEVANT;RELEVANT
92;2;IRRELEVANT;IRRELEVANT
92;3;IRRELEVANT;SOMEWHAT_RELEVANT
92;4;IRRELEVANT;RELEVANT
92;5;IRRELEVANT;SOMEWHAT_RELEVANT
92;6;IRRELEVANT;RELEVANT
92;7;RELEVANT;RELEVANT
92;8;RELEVANT;RELEVANT
92;9;RELEVANT;RELEVANT
92;10;IRRELEVANT;IRRELEVANT
93;1;RELEVANT;RELEVANT
93;2;IRRELEVANT;SOMEWHAT_RELEVANT
93;3;IRRELEVANT;IRRELEVANT
93;4;RELEVANT;SOMEWHAT_RELEVANT
93;5;IRRELEVANT;RELEVANT
93;6;SOMEWHAT_RELEVANT;IRRELEVANT
93;7;RELEVANT;RELEVANT
93;8;SOMEWHAT_RELEVANT;SOMEWHAT_RELEVANT
93;9;SOMEWHAT_RELEVANT;SOMEWHAT_RELEVANT
93;10;RELEVANT;RELEVANT
94;1;RELEVANT;RELEVANT
94;2;RELEVANT;IRRELEVANT
94;3;RELEVANT;RELEVANT
94;4;IRRELEVANT;IRRELEVANT
94;5;IRRELEVANT;IRRELEVANT
94;6;RELEVANT;SOMEWHAT_RELEVANT
94;7;RELEVANT;SOMEWHAT_RELEVANT
94;8;RELEVANT;RELEVANT
94;9;IRRELEVANT;RELEVANT
94;10;RELEVANT;IRRELEVANT
95;1;SOMEWHAT_RELEVANT;RELEVANT
95;2;IRRELEVANT;RELEVANT
95;3;SOMEWHAT_RELEVANT;SOMEWHAT_RELEVANT
95;4;RELEVANT;RELEVANT
95;5;SOMEWHAT_RELEVANT;RELEVANT
95;6;IRRELEVANT;RELEVANT
95;7;SOMEWHAT_RELEVANT;SOMEWHAT_RELEVANT
95;8;RELEVANT;RELEVANT
95;9;IRRELEVANT;RELEVANT
95;10;RELEVANT;RELEVANT
96;1;RELEVANT;RELEVANT
96;2;IRRELEVANT;IRRELEVANT
96;3;RELEVANT;RELEVANT
96;4;SOMEWHAT_RELEVANT;IRRELEVANT
96;5;RELEVANT;RELEVANT
96;6;IRRELEVANT;IRRELEVANT
96;7;IRRELEVANT;RELEVANT
96;8;SOMEWHAT_RELEVANT;RELEVANT
96;9;RELEVANT;RELEVANT
96;10;IRRELEVANT;RELEVANT
97;1;RELEVANT;RELEVANT
97;2;IRRELEVANT;RELEVANT
97;3;IRRELEVANT;IRRELEVANT
97;4;IRRELEVANT;RELEVANT
97;5;SOMEWHAT_RELEVANT;RELEVANT
97;6;IRRELEVANT;SOMEWHAT_RELEVANT
97;7;SOMEWHAT_RELEVANT;RELEVANT
97;8;SOMEWHAT_RELEVANT;SOMEWHAT_RELEVANT
97;9;RELEVANT;SOMEWHAT_RELEVANT
97;10;RELEVANT;RELEVANT
98;1;RELEVANT;RELEVANT
98;2;RELEVANT;IRRELEVANT
98;3;IRRELEVANT;RELEVANT
98;4;SOMEWHAT_RELEVANT;SOMEWHAT_RELEVANT
98;5;IRRELEVANT;SOMEWHAT_RELEVANT
98;6;SOMEWHAT_RELEVANT;IRRELEVANT
98;7;IRRELEVANT;IRRELEVANT
98;8;IRRELEVANT;IRRELEVANT
98;9;IRRELEVANT;RELEVANT
98;10;IRRELEVANT;RELEVANT
99;1;RELEVANT;IRRELEVANT
99;2;SOMEWHAT_RELEVANT;SOMEWHAT_RELEVANT
99;3;RELEVANT;SOMEWHAT_RELEVANT
99;4;RELEVANT;SOMEWHAT_RELEVANT
99;5;RELEVANT;RELEVANT
99;6;RELEVANT;RELEVANT
99;7;IRRELEVANT;IRRELEVANT
99;8;SOMEWHAT_RELEVANT;RELEVANT
99;9;IRRELEVANT;IRRELEVANT
99;10;IRRELEVANT;IRRELEVANT
100;1;IRRELEVANT;RELEVANT
100;2;SOMEWHAT_RELEVANT;SOMEWHAT_RELEVANT
100;3;IRRELEVANT;RELEVANT
100;4;RELEVANT;RELEVANT
100;5;IRRELEVANT;SOMEWHAT_RELEVANT
100;6;RELEVANT;RELEVANT
100;7;IRRELEVANT;SOMEWHAT_RELEVANT
100;8;RELEVANT;RELEVANT
100;9;IRRELEVANT;IRRELEVANT
100;10;IRRELEVANT;IRRELEVANT
